,schema,table,column,is_nullable,type
0,Sales,vStoreWithContacts,BusinessEntityID,NO,int
1,Sales,vStoreWithContacts,Name,NO,nvarchar
2,Sales,vStoreWithContacts,ContactType,NO,nvarchar
3,Sales,vStoreWithContacts,Title,YES,nvarchar
4,Sales,vStoreWithContacts,FirstName,NO,nvarchar
5,Sales,vStoreWithContacts,MiddleName,YES,nvarchar
6,Sales,vStoreWithContacts,LastName,NO,nvarchar
7,Sales,vStoreWithContacts,Suffix,YES,nvarchar
8,Sales,vStoreWithContacts,PhoneNumber,YES,nvarchar
9,Sales,vStoreWithContacts,PhoneNumberType,YES,nvarchar
10,Sales,vStoreWithContacts,EmailAddress,YES,nvarchar
11,Sales,vStoreWithContacts,EmailPromotion,NO,int
12,Production,ScrapReason,ScrapReasonID,NO,smallint
13,Production,ScrapReason,Name,NO,nvarchar
14,Production,ScrapReason,ModifiedDate,NO,datetime
15,Sales,vStoreWithAddresses,BusinessEntityID,NO,int
16,Sales,vStoreWithAddresses,Name,NO,nvarchar
17,Sales,vStoreWithAddresses,AddressType,NO,nvarchar
18,Sales,vStoreWithAddresses,AddressLine1,NO,nvarchar
19,Sales,vStoreWithAddresses,AddressLine2,YES,nvarchar
20,Sales,vStoreWithAddresses,City,NO,nvarchar
21,Sales,vStoreWithAddresses,StateProvinceName,NO,nvarchar
22,Sales,vStoreWithAddresses,PostalCode,NO,nvarchar
23,Sales,vStoreWithAddresses,CountryRegionName,NO,nvarchar
24,Purchasing,vVendorWithContacts,BusinessEntityID,NO,int
25,Purchasing,vVendorWithContacts,Name,NO,nvarchar
26,Purchasing,vVendorWithContacts,ContactType,NO,nvarchar
27,Purchasing,vVendorWithContacts,Title,YES,nvarchar
28,Purchasing,vVendorWithContacts,FirstName,NO,nvarchar
29,Purchasing,vVendorWithContacts,MiddleName,YES,nvarchar
30,Purchasing,vVendorWithContacts,LastName,NO,nvarchar
31,Purchasing,vVendorWithContacts,Suffix,YES,nvarchar
32,Purchasing,vVendorWithContacts,PhoneNumber,YES,nvarchar
33,Purchasing,vVendorWithContacts,PhoneNumberType,YES,nvarchar
34,Purchasing,vVendorWithContacts,EmailAddress,YES,nvarchar
35,Purchasing,vVendorWithContacts,EmailPromotion,NO,int
36,HumanResources,Shift,ShiftID,NO,tinyint
37,HumanResources,Shift,Name,NO,nvarchar
38,HumanResources,Shift,StartTime,NO,time
39,HumanResources,Shift,EndTime,NO,time
40,HumanResources,Shift,ModifiedDate,NO,datetime
41,Purchasing,vVendorWithAddresses,BusinessEntityID,NO,int
42,Purchasing,vVendorWithAddresses,Name,NO,nvarchar
43,Purchasing,vVendorWithAddresses,AddressType,NO,nvarchar
44,Purchasing,vVendorWithAddresses,AddressLine1,NO,nvarchar
45,Purchasing,vVendorWithAddresses,AddressLine2,YES,nvarchar
46,Purchasing,vVendorWithAddresses,City,NO,nvarchar
47,Purchasing,vVendorWithAddresses,StateProvinceName,NO,nvarchar
48,Purchasing,vVendorWithAddresses,PostalCode,NO,nvarchar
49,Purchasing,vVendorWithAddresses,CountryRegionName,NO,nvarchar
50,Production,ProductCategory,ProductCategoryID,NO,int
51,Production,ProductCategory,Name,NO,nvarchar
52,Production,ProductCategory,rowguid,NO,uniqueidentifier
53,Production,ProductCategory,ModifiedDate,NO,datetime
54,Purchasing,ShipMethod,ShipMethodID,NO,int
55,Purchasing,ShipMethod,Name,NO,nvarchar
56,Purchasing,ShipMethod,ShipBase,NO,money
57,Purchasing,ShipMethod,ShipRate,NO,money
58,Purchasing,ShipMethod,rowguid,NO,uniqueidentifier
59,Purchasing,ShipMethod,ModifiedDate,NO,datetime
60,Production,ProductCostHistory,ProductID,NO,int
61,Production,ProductCostHistory,StartDate,NO,datetime
62,Production,ProductCostHistory,EndDate,YES,datetime
63,Production,ProductCostHistory,StandardCost,NO,money
64,Production,ProductCostHistory,ModifiedDate,NO,datetime
65,Production,ProductDescription,ProductDescriptionID,NO,int
66,Production,ProductDescription,Description,NO,nvarchar
67,Production,ProductDescription,rowguid,NO,uniqueidentifier
68,Production,ProductDescription,ModifiedDate,NO,datetime
69,Sales,ShoppingCartItem,ShoppingCartItemID,NO,int
70,Sales,ShoppingCartItem,ShoppingCartID,NO,nvarchar
71,Sales,ShoppingCartItem,Quantity,NO,int
72,Sales,ShoppingCartItem,ProductID,NO,int
73,Sales,ShoppingCartItem,DateCreated,NO,datetime
74,Sales,ShoppingCartItem,ModifiedDate,NO,datetime
75,Production,ProductDocument,ProductID,NO,int
76,Production,ProductDocument,DocumentNode,NO,hierarchyid
77,Production,ProductDocument,ModifiedDate,NO,datetime
78,dbo,DatabaseLog,DatabaseLogID,NO,int
79,dbo,DatabaseLog,PostTime,NO,datetime
80,dbo,DatabaseLog,DatabaseUser,NO,nvarchar
81,dbo,DatabaseLog,Event,NO,nvarchar
82,dbo,DatabaseLog,Schema,YES,nvarchar
83,dbo,DatabaseLog,Object,YES,nvarchar
84,dbo,DatabaseLog,TSQL,NO,nvarchar
85,dbo,DatabaseLog,XmlEvent,NO,xml
86,Production,ProductInventory,ProductID,NO,int
87,Production,ProductInventory,LocationID,NO,smallint
88,Production,ProductInventory,Shelf,NO,nvarchar
89,Production,ProductInventory,Bin,NO,tinyint
90,Production,ProductInventory,Quantity,NO,smallint
91,Production,ProductInventory,rowguid,NO,uniqueidentifier
92,Production,ProductInventory,ModifiedDate,NO,datetime
93,Sales,SpecialOffer,SpecialOfferID,NO,int
94,Sales,SpecialOffer,Description,NO,nvarchar
95,Sales,SpecialOffer,DiscountPct,NO,smallmoney
96,Sales,SpecialOffer,Type,NO,nvarchar
97,Sales,SpecialOffer,Category,NO,nvarchar
98,Sales,SpecialOffer,StartDate,NO,datetime
99,Sales,SpecialOffer,EndDate,NO,datetime
100,Sales,SpecialOffer,MinQty,NO,int
101,Sales,SpecialOffer,MaxQty,YES,int
102,Sales,SpecialOffer,rowguid,NO,uniqueidentifier
103,Sales,SpecialOffer,ModifiedDate,NO,datetime
104,dbo,ErrorLog,ErrorLogID,NO,int
105,dbo,ErrorLog,ErrorTime,NO,datetime
106,dbo,ErrorLog,UserName,NO,nvarchar
107,dbo,ErrorLog,ErrorNumber,NO,int
108,dbo,ErrorLog,ErrorSeverity,YES,int
109,dbo,ErrorLog,ErrorState,YES,int
110,dbo,ErrorLog,ErrorProcedure,YES,nvarchar
111,dbo,ErrorLog,ErrorLine,YES,int
112,dbo,ErrorLog,ErrorMessage,NO,nvarchar
113,Production,ProductListPriceHistory,ProductID,NO,int
114,Production,ProductListPriceHistory,StartDate,NO,datetime
115,Production,ProductListPriceHistory,EndDate,YES,datetime
116,Production,ProductListPriceHistory,ListPrice,NO,money
117,Production,ProductListPriceHistory,ModifiedDate,NO,datetime
118,Person,Address,AddressID,NO,int
119,Person,Address,AddressLine1,NO,nvarchar
120,Person,Address,AddressLine2,YES,nvarchar
121,Person,Address,City,NO,nvarchar
122,Person,Address,StateProvinceID,NO,int
123,Person,Address,PostalCode,NO,nvarchar
124,Person,Address,SpatialLocation,YES,geography
125,Person,Address,rowguid,NO,uniqueidentifier
126,Person,Address,ModifiedDate,NO,datetime
127,Sales,SpecialOfferProduct,SpecialOfferID,NO,int
128,Sales,SpecialOfferProduct,ProductID,NO,int
129,Sales,SpecialOfferProduct,rowguid,NO,uniqueidentifier
130,Sales,SpecialOfferProduct,ModifiedDate,NO,datetime
131,Production,ProductModel,ProductModelID,NO,int
132,Production,ProductModel,Name,NO,nvarchar
133,Production,ProductModel,CatalogDescription,YES,xml
134,Production,ProductModel,Instructions,YES,xml
135,Production,ProductModel,rowguid,NO,uniqueidentifier
136,Production,ProductModel,ModifiedDate,NO,datetime
137,Person,AddressType,AddressTypeID,NO,int
138,Person,AddressType,Name,NO,nvarchar
139,Person,AddressType,rowguid,NO,uniqueidentifier
140,Person,AddressType,ModifiedDate,NO,datetime
141,Person,StateProvince,StateProvinceID,NO,int
142,Person,StateProvince,StateProvinceCode,NO,nchar
143,Person,StateProvince,CountryRegionCode,NO,nvarchar
144,Person,StateProvince,IsOnlyStateProvinceFlag,NO,bit
145,Person,StateProvince,Name,NO,nvarchar
146,Person,StateProvince,TerritoryID,NO,int
147,Person,StateProvince,rowguid,NO,uniqueidentifier
148,Person,StateProvince,ModifiedDate,NO,datetime
149,Production,ProductModelIllustration,ProductModelID,NO,int
150,Production,ProductModelIllustration,IllustrationID,NO,int
151,Production,ProductModelIllustration,ModifiedDate,NO,datetime
152,dbo,AWBuildVersion,SystemInformationID,NO,tinyint
153,dbo,AWBuildVersion,Database Version,NO,nvarchar
154,dbo,AWBuildVersion,VersionDate,NO,datetime
155,dbo,AWBuildVersion,ModifiedDate,NO,datetime
156,Production,ProductModelProductDescriptionCulture,ProductModelID,NO,int
157,Production,ProductModelProductDescriptionCulture,ProductDescriptionID,NO,int
158,Production,ProductModelProductDescriptionCulture,CultureID,NO,nchar
159,Production,ProductModelProductDescriptionCulture,ModifiedDate,NO,datetime
160,Production,BillOfMaterials,BillOfMaterialsID,NO,int
161,Production,BillOfMaterials,ProductAssemblyID,YES,int
162,Production,BillOfMaterials,ComponentID,NO,int
163,Production,BillOfMaterials,StartDate,NO,datetime
164,Production,BillOfMaterials,EndDate,YES,datetime
165,Production,BillOfMaterials,UnitMeasureCode,NO,nchar
166,Production,BillOfMaterials,BOMLevel,NO,smallint
167,Production,BillOfMaterials,PerAssemblyQty,NO,decimal
168,Production,BillOfMaterials,ModifiedDate,NO,datetime
169,Sales,Store,BusinessEntityID,NO,int
170,Sales,Store,Name,NO,nvarchar
171,Sales,Store,SalesPersonID,YES,int
172,Sales,Store,Demographics,YES,xml
173,Sales,Store,rowguid,NO,uniqueidentifier
174,Sales,Store,ModifiedDate,NO,datetime
175,Production,ProductPhoto,ProductPhotoID,NO,int
176,Production,ProductPhoto,ThumbNailPhoto,YES,varbinary
177,Production,ProductPhoto,ThumbnailPhotoFileName,YES,nvarchar
178,Production,ProductPhoto,LargePhoto,YES,varbinary
179,Production,ProductPhoto,LargePhotoFileName,YES,nvarchar
180,Production,ProductPhoto,ModifiedDate,NO,datetime
181,Production,ProductProductPhoto,ProductID,NO,int
182,Production,ProductProductPhoto,ProductPhotoID,NO,int
183,Production,ProductProductPhoto,Primary,NO,bit
184,Production,ProductProductPhoto,ModifiedDate,NO,datetime
185,Production,TransactionHistory,TransactionID,NO,int
186,Production,TransactionHistory,ProductID,NO,int
187,Production,TransactionHistory,ReferenceOrderID,NO,int
188,Production,TransactionHistory,ReferenceOrderLineID,NO,int
189,Production,TransactionHistory,TransactionDate,NO,datetime
190,Production,TransactionHistory,TransactionType,NO,nchar
191,Production,TransactionHistory,Quantity,NO,int
192,Production,TransactionHistory,ActualCost,NO,money
193,Production,TransactionHistory,ModifiedDate,NO,datetime
194,Production,ProductReview,ProductReviewID,NO,int
195,Production,ProductReview,ProductID,NO,int
196,Production,ProductReview,ReviewerName,NO,nvarchar
197,Production,ProductReview,ReviewDate,NO,datetime
198,Production,ProductReview,EmailAddress,NO,nvarchar
199,Production,ProductReview,Rating,NO,int
200,Production,ProductReview,Comments,YES,nvarchar
201,Production,ProductReview,ModifiedDate,NO,datetime
202,Person,BusinessEntity,BusinessEntityID,NO,int
203,Person,BusinessEntity,rowguid,NO,uniqueidentifier
204,Person,BusinessEntity,ModifiedDate,NO,datetime
205,Production,TransactionHistoryArchive,TransactionID,NO,int
206,Production,TransactionHistoryArchive,ProductID,NO,int
207,Production,TransactionHistoryArchive,ReferenceOrderID,NO,int
208,Production,TransactionHistoryArchive,ReferenceOrderLineID,NO,int
209,Production,TransactionHistoryArchive,TransactionDate,NO,datetime
210,Production,TransactionHistoryArchive,TransactionType,NO,nchar
211,Production,TransactionHistoryArchive,Quantity,NO,int
212,Production,TransactionHistoryArchive,ActualCost,NO,money
213,Production,TransactionHistoryArchive,ModifiedDate,NO,datetime
214,Production,ProductSubcategory,ProductSubcategoryID,NO,int
215,Production,ProductSubcategory,ProductCategoryID,NO,int
216,Production,ProductSubcategory,Name,NO,nvarchar
217,Production,ProductSubcategory,rowguid,NO,uniqueidentifier
218,Production,ProductSubcategory,ModifiedDate,NO,datetime
219,Person,BusinessEntityAddress,BusinessEntityID,NO,int
220,Person,BusinessEntityAddress,AddressID,NO,int
221,Person,BusinessEntityAddress,AddressTypeID,NO,int
222,Person,BusinessEntityAddress,rowguid,NO,uniqueidentifier
223,Person,BusinessEntityAddress,ModifiedDate,NO,datetime
224,Purchasing,ProductVendor,ProductID,NO,int
225,Purchasing,ProductVendor,BusinessEntityID,NO,int
226,Purchasing,ProductVendor,AverageLeadTime,NO,int
227,Purchasing,ProductVendor,StandardPrice,NO,money
228,Purchasing,ProductVendor,LastReceiptCost,YES,money
229,Purchasing,ProductVendor,LastReceiptDate,YES,datetime
230,Purchasing,ProductVendor,MinOrderQty,NO,int
231,Purchasing,ProductVendor,MaxOrderQty,NO,int
232,Purchasing,ProductVendor,OnOrderQty,YES,int
233,Purchasing,ProductVendor,UnitMeasureCode,NO,nchar
234,Purchasing,ProductVendor,ModifiedDate,NO,datetime
235,Person,BusinessEntityContact,BusinessEntityID,NO,int
236,Person,BusinessEntityContact,PersonID,NO,int
237,Person,BusinessEntityContact,ContactTypeID,NO,int
238,Person,BusinessEntityContact,rowguid,NO,uniqueidentifier
239,Person,BusinessEntityContact,ModifiedDate,NO,datetime
240,Production,UnitMeasure,UnitMeasureCode,NO,nchar
241,Production,UnitMeasure,Name,NO,nvarchar
242,Production,UnitMeasure,ModifiedDate,NO,datetime
243,Purchasing,Vendor,BusinessEntityID,NO,int
244,Purchasing,Vendor,AccountNumber,NO,nvarchar
245,Purchasing,Vendor,Name,NO,nvarchar
246,Purchasing,Vendor,CreditRating,NO,tinyint
247,Purchasing,Vendor,PreferredVendorStatus,NO,bit
248,Purchasing,Vendor,ActiveFlag,NO,bit
249,Purchasing,Vendor,PurchasingWebServiceURL,YES,nvarchar
250,Purchasing,Vendor,ModifiedDate,NO,datetime
251,Person,ContactType,ContactTypeID,NO,int
252,Person,ContactType,Name,NO,nvarchar
253,Person,ContactType,ModifiedDate,NO,datetime
254,Sales,CountryRegionCurrency,CountryRegionCode,NO,nvarchar
255,Sales,CountryRegionCurrency,CurrencyCode,NO,nchar
256,Sales,CountryRegionCurrency,ModifiedDate,NO,datetime
257,Person,CountryRegion,CountryRegionCode,NO,nvarchar
258,Person,CountryRegion,Name,NO,nvarchar
259,Person,CountryRegion,ModifiedDate,NO,datetime
260,Production,WorkOrder,WorkOrderID,NO,int
261,Production,WorkOrder,ProductID,NO,int
262,Production,WorkOrder,OrderQty,NO,int
263,Production,WorkOrder,StockedQty,NO,int
264,Production,WorkOrder,ScrappedQty,NO,smallint
265,Production,WorkOrder,StartDate,NO,datetime
266,Production,WorkOrder,EndDate,YES,datetime
267,Production,WorkOrder,DueDate,NO,datetime
268,Production,WorkOrder,ScrapReasonID,YES,smallint
269,Production,WorkOrder,ModifiedDate,NO,datetime
270,Purchasing,PurchaseOrderDetail,PurchaseOrderID,NO,int
271,Purchasing,PurchaseOrderDetail,PurchaseOrderDetailID,NO,int
272,Purchasing,PurchaseOrderDetail,DueDate,NO,datetime
273,Purchasing,PurchaseOrderDetail,OrderQty,NO,smallint
274,Purchasing,PurchaseOrderDetail,ProductID,NO,int
275,Purchasing,PurchaseOrderDetail,UnitPrice,NO,money
276,Purchasing,PurchaseOrderDetail,LineTotal,NO,money
277,Purchasing,PurchaseOrderDetail,ReceivedQty,NO,decimal
278,Purchasing,PurchaseOrderDetail,RejectedQty,NO,decimal
279,Purchasing,PurchaseOrderDetail,StockedQty,NO,decimal
280,Purchasing,PurchaseOrderDetail,ModifiedDate,NO,datetime
281,Sales,CreditCard,CreditCardID,NO,int
282,Sales,CreditCard,CardType,NO,nvarchar
283,Sales,CreditCard,CardNumber,NO,nvarchar
284,Sales,CreditCard,ExpMonth,NO,tinyint
285,Sales,CreditCard,ExpYear,NO,smallint
286,Sales,CreditCard,ModifiedDate,NO,datetime
287,Production,Culture,CultureID,NO,nchar
288,Production,Culture,Name,NO,nvarchar
289,Production,Culture,ModifiedDate,NO,datetime
290,Production,WorkOrderRouting,WorkOrderID,NO,int
291,Production,WorkOrderRouting,ProductID,NO,int
292,Production,WorkOrderRouting,OperationSequence,NO,smallint
293,Production,WorkOrderRouting,LocationID,NO,smallint
294,Production,WorkOrderRouting,ScheduledStartDate,NO,datetime
295,Production,WorkOrderRouting,ScheduledEndDate,NO,datetime
296,Production,WorkOrderRouting,ActualStartDate,YES,datetime
297,Production,WorkOrderRouting,ActualEndDate,YES,datetime
298,Production,WorkOrderRouting,ActualResourceHrs,YES,decimal
299,Production,WorkOrderRouting,PlannedCost,NO,money
300,Production,WorkOrderRouting,ActualCost,YES,money
301,Production,WorkOrderRouting,ModifiedDate,NO,datetime
302,Sales,Currency,CurrencyCode,NO,nchar
303,Sales,Currency,Name,NO,nvarchar
304,Sales,Currency,ModifiedDate,NO,datetime
305,Purchasing,PurchaseOrderHeader,PurchaseOrderID,NO,int
306,Purchasing,PurchaseOrderHeader,RevisionNumber,NO,tinyint
307,Purchasing,PurchaseOrderHeader,Status,NO,tinyint
308,Purchasing,PurchaseOrderHeader,EmployeeID,NO,int
309,Purchasing,PurchaseOrderHeader,VendorID,NO,int
310,Purchasing,PurchaseOrderHeader,ShipMethodID,NO,int
311,Purchasing,PurchaseOrderHeader,OrderDate,NO,datetime
312,Purchasing,PurchaseOrderHeader,ShipDate,YES,datetime
313,Purchasing,PurchaseOrderHeader,SubTotal,NO,money
314,Purchasing,PurchaseOrderHeader,TaxAmt,NO,money
315,Purchasing,PurchaseOrderHeader,Freight,NO,money
316,Purchasing,PurchaseOrderHeader,TotalDue,NO,money
317,Purchasing,PurchaseOrderHeader,ModifiedDate,NO,datetime
318,Sales,CurrencyRate,CurrencyRateID,NO,int
319,Sales,CurrencyRate,CurrencyRateDate,NO,datetime
320,Sales,CurrencyRate,FromCurrencyCode,NO,nchar
321,Sales,CurrencyRate,ToCurrencyCode,NO,nchar
322,Sales,CurrencyRate,AverageRate,NO,money
323,Sales,CurrencyRate,EndOfDayRate,NO,money
324,Sales,CurrencyRate,ModifiedDate,NO,datetime
325,Sales,Customer,CustomerID,NO,int
326,Sales,Customer,PersonID,YES,int
327,Sales,Customer,StoreID,YES,int
328,Sales,Customer,TerritoryID,YES,int
329,Sales,Customer,AccountNumber,NO,varchar
330,Sales,Customer,rowguid,NO,uniqueidentifier
331,Sales,Customer,ModifiedDate,NO,datetime
332,HumanResources,Department,DepartmentID,NO,smallint
333,HumanResources,Department,Name,NO,nvarchar
334,HumanResources,Department,GroupName,NO,nvarchar
335,HumanResources,Department,ModifiedDate,NO,datetime
336,Production,Document,DocumentNode,NO,hierarchyid
337,Production,Document,DocumentLevel,YES,smallint
338,Production,Document,Title,NO,nvarchar
339,Production,Document,Owner,NO,int
340,Production,Document,FolderFlag,NO,bit
341,Production,Document,FileName,NO,nvarchar
342,Production,Document,FileExtension,NO,nvarchar
343,Production,Document,Revision,NO,nchar
344,Production,Document,ChangeNumber,NO,int
345,Production,Document,Status,NO,tinyint
346,Production,Document,DocumentSummary,YES,nvarchar
347,Production,Document,Document,YES,varbinary
348,Production,Document,rowguid,NO,uniqueidentifier
349,Production,Document,ModifiedDate,NO,datetime
350,Sales,SalesOrderDetail,SalesOrderID,NO,int
351,Sales,SalesOrderDetail,SalesOrderDetailID,NO,int
352,Sales,SalesOrderDetail,CarrierTrackingNumber,YES,nvarchar
353,Sales,SalesOrderDetail,OrderQty,NO,smallint
354,Sales,SalesOrderDetail,ProductID,NO,int
355,Sales,SalesOrderDetail,SpecialOfferID,NO,int
356,Sales,SalesOrderDetail,UnitPrice,NO,money
357,Sales,SalesOrderDetail,UnitPriceDiscount,NO,money
358,Sales,SalesOrderDetail,LineTotal,NO,numeric
359,Sales,SalesOrderDetail,rowguid,NO,uniqueidentifier
360,Sales,SalesOrderDetail,ModifiedDate,NO,datetime
361,Person,EmailAddress,BusinessEntityID,NO,int
362,Person,EmailAddress,EmailAddressID,NO,int
363,Person,EmailAddress,EmailAddress,YES,nvarchar
364,Person,EmailAddress,rowguid,NO,uniqueidentifier
365,Person,EmailAddress,ModifiedDate,NO,datetime
366,HumanResources,Employee,BusinessEntityID,NO,int
367,HumanResources,Employee,NationalIDNumber,NO,nvarchar
368,HumanResources,Employee,LoginID,NO,nvarchar
369,HumanResources,Employee,OrganizationNode,YES,hierarchyid
370,HumanResources,Employee,OrganizationLevel,YES,smallint
371,HumanResources,Employee,JobTitle,NO,nvarchar
372,HumanResources,Employee,BirthDate,NO,date
373,HumanResources,Employee,MaritalStatus,NO,nchar
374,HumanResources,Employee,Gender,NO,nchar
375,HumanResources,Employee,HireDate,NO,date
376,HumanResources,Employee,SalariedFlag,NO,bit
377,HumanResources,Employee,VacationHours,NO,smallint
378,HumanResources,Employee,SickLeaveHours,NO,smallint
379,HumanResources,Employee,CurrentFlag,NO,bit
380,HumanResources,Employee,rowguid,NO,uniqueidentifier
381,HumanResources,Employee,ModifiedDate,NO,datetime
382,Sales,SalesOrderHeader,SalesOrderID,NO,int
383,Sales,SalesOrderHeader,RevisionNumber,NO,tinyint
384,Sales,SalesOrderHeader,OrderDate,NO,datetime
385,Sales,SalesOrderHeader,DueDate,NO,datetime
386,Sales,SalesOrderHeader,ShipDate,YES,datetime
387,Sales,SalesOrderHeader,Status,NO,tinyint
388,Sales,SalesOrderHeader,OnlineOrderFlag,NO,bit
389,Sales,SalesOrderHeader,SalesOrderNumber,NO,nvarchar
390,Sales,SalesOrderHeader,PurchaseOrderNumber,YES,nvarchar
391,Sales,SalesOrderHeader,AccountNumber,YES,nvarchar
392,Sales,SalesOrderHeader,CustomerID,NO,int
393,Sales,SalesOrderHeader,SalesPersonID,YES,int
394,Sales,SalesOrderHeader,TerritoryID,YES,int
395,Sales,SalesOrderHeader,BillToAddressID,NO,int
396,Sales,SalesOrderHeader,ShipToAddressID,NO,int
397,Sales,SalesOrderHeader,ShipMethodID,NO,int
398,Sales,SalesOrderHeader,CreditCardID,YES,int
399,Sales,SalesOrderHeader,CreditCardApprovalCode,YES,varchar
400,Sales,SalesOrderHeader,CurrencyRateID,YES,int
401,Sales,SalesOrderHeader,SubTotal,NO,money
402,Sales,SalesOrderHeader,TaxAmt,NO,money
403,Sales,SalesOrderHeader,Freight,NO,money
404,Sales,SalesOrderHeader,TotalDue,NO,money
405,Sales,SalesOrderHeader,Comment,YES,nvarchar
406,Sales,SalesOrderHeader,rowguid,NO,uniqueidentifier
407,Sales,SalesOrderHeader,ModifiedDate,NO,datetime
408,HumanResources,EmployeeDepartmentHistory,BusinessEntityID,NO,int
409,HumanResources,EmployeeDepartmentHistory,DepartmentID,NO,smallint
410,HumanResources,EmployeeDepartmentHistory,ShiftID,NO,tinyint
411,HumanResources,EmployeeDepartmentHistory,StartDate,NO,date
412,HumanResources,EmployeeDepartmentHistory,EndDate,YES,date
413,HumanResources,EmployeeDepartmentHistory,ModifiedDate,NO,datetime
414,HumanResources,EmployeePayHistory,BusinessEntityID,NO,int
415,HumanResources,EmployeePayHistory,RateChangeDate,NO,datetime
416,HumanResources,EmployeePayHistory,Rate,NO,money
417,HumanResources,EmployeePayHistory,PayFrequency,NO,tinyint
418,HumanResources,EmployeePayHistory,ModifiedDate,NO,datetime
419,Sales,SalesOrderHeaderSalesReason,SalesOrderID,NO,int
420,Sales,SalesOrderHeaderSalesReason,SalesReasonID,NO,int
421,Sales,SalesOrderHeaderSalesReason,ModifiedDate,NO,datetime
422,Sales,SalesPerson,BusinessEntityID,NO,int
423,Sales,SalesPerson,TerritoryID,YES,int
424,Sales,SalesPerson,SalesQuota,YES,money
425,Sales,SalesPerson,Bonus,NO,money
426,Sales,SalesPerson,CommissionPct,NO,smallmoney
427,Sales,SalesPerson,SalesYTD,NO,money
428,Sales,SalesPerson,SalesLastYear,NO,money
429,Sales,SalesPerson,rowguid,NO,uniqueidentifier
430,Sales,SalesPerson,ModifiedDate,NO,datetime
431,Production,Illustration,IllustrationID,NO,int
432,Production,Illustration,Diagram,YES,xml
433,Production,Illustration,ModifiedDate,NO,datetime
434,HumanResources,JobCandidate,JobCandidateID,NO,int
435,HumanResources,JobCandidate,BusinessEntityID,YES,int
436,HumanResources,JobCandidate,Resume,YES,xml
437,HumanResources,JobCandidate,ModifiedDate,NO,datetime
438,Production,Location,LocationID,NO,smallint
439,Production,Location,Name,NO,nvarchar
440,Production,Location,CostRate,NO,smallmoney
441,Production,Location,Availability,NO,decimal
442,Production,Location,ModifiedDate,NO,datetime
443,Person,Password,BusinessEntityID,NO,int
444,Person,Password,PasswordHash,NO,varchar
445,Person,Password,PasswordSalt,NO,varchar
446,Person,Password,rowguid,NO,uniqueidentifier
447,Person,Password,ModifiedDate,NO,datetime
448,Sales,SalesPersonQuotaHistory,BusinessEntityID,NO,int
449,Sales,SalesPersonQuotaHistory,QuotaDate,NO,datetime
450,Sales,SalesPersonQuotaHistory,SalesQuota,NO,money
451,Sales,SalesPersonQuotaHistory,rowguid,NO,uniqueidentifier
452,Sales,SalesPersonQuotaHistory,ModifiedDate,NO,datetime
453,Person,Person,BusinessEntityID,NO,int
454,Person,Person,PersonType,NO,nchar
455,Person,Person,NameStyle,NO,bit
456,Person,Person,Title,YES,nvarchar
457,Person,Person,FirstName,NO,nvarchar
458,Person,Person,MiddleName,YES,nvarchar
459,Person,Person,LastName,NO,nvarchar
460,Person,Person,Suffix,YES,nvarchar
461,Person,Person,EmailPromotion,NO,int
462,Person,Person,AdditionalContactInfo,YES,xml
463,Person,Person,Demographics,YES,xml
464,Person,Person,rowguid,NO,uniqueidentifier
465,Person,Person,ModifiedDate,NO,datetime
466,Sales,SalesReason,SalesReasonID,NO,int
467,Sales,SalesReason,Name,NO,nvarchar
468,Sales,SalesReason,ReasonType,NO,nvarchar
469,Sales,SalesReason,ModifiedDate,NO,datetime
470,Sales,SalesTaxRate,SalesTaxRateID,NO,int
471,Sales,SalesTaxRate,StateProvinceID,NO,int
472,Sales,SalesTaxRate,TaxType,NO,tinyint
473,Sales,SalesTaxRate,TaxRate,NO,smallmoney
474,Sales,SalesTaxRate,Name,NO,nvarchar
475,Sales,SalesTaxRate,rowguid,NO,uniqueidentifier
476,Sales,SalesTaxRate,ModifiedDate,NO,datetime
477,Sales,PersonCreditCard,BusinessEntityID,NO,int
478,Sales,PersonCreditCard,CreditCardID,NO,int
479,Sales,PersonCreditCard,ModifiedDate,NO,datetime
480,Person,vAdditionalContactInfo,BusinessEntityID,NO,int
481,Person,vAdditionalContactInfo,FirstName,NO,nvarchar
482,Person,vAdditionalContactInfo,MiddleName,YES,nvarchar
483,Person,vAdditionalContactInfo,LastName,NO,nvarchar
484,Person,vAdditionalContactInfo,TelephoneNumber,YES,nvarchar
485,Person,vAdditionalContactInfo,TelephoneSpecialInstructions,YES,nvarchar
486,Person,vAdditionalContactInfo,Street,YES,nvarchar
487,Person,vAdditionalContactInfo,City,YES,nvarchar
488,Person,vAdditionalContactInfo,StateProvince,YES,nvarchar
489,Person,vAdditionalContactInfo,PostalCode,YES,nvarchar
490,Person,vAdditionalContactInfo,CountryRegion,YES,nvarchar
491,Person,vAdditionalContactInfo,HomeAddressSpecialInstructions,YES,nvarchar
492,Person,vAdditionalContactInfo,EMailAddress,YES,nvarchar
493,Person,vAdditionalContactInfo,EMailSpecialInstructions,YES,nvarchar
494,Person,vAdditionalContactInfo,EMailTelephoneNumber,YES,nvarchar
495,Person,vAdditionalContactInfo,rowguid,NO,uniqueidentifier
496,Person,vAdditionalContactInfo,ModifiedDate,NO,datetime
497,Person,PersonPhone,BusinessEntityID,NO,int
498,Person,PersonPhone,PhoneNumber,NO,nvarchar
499,Person,PersonPhone,PhoneNumberTypeID,NO,int
500,Person,PersonPhone,ModifiedDate,NO,datetime
501,HumanResources,vEmployee,BusinessEntityID,NO,int
502,HumanResources,vEmployee,Title,YES,nvarchar
503,HumanResources,vEmployee,FirstName,NO,nvarchar
504,HumanResources,vEmployee,MiddleName,YES,nvarchar
505,HumanResources,vEmployee,LastName,NO,nvarchar
506,HumanResources,vEmployee,Suffix,YES,nvarchar
507,HumanResources,vEmployee,JobTitle,NO,nvarchar
508,HumanResources,vEmployee,PhoneNumber,YES,nvarchar
509,HumanResources,vEmployee,PhoneNumberType,YES,nvarchar
510,HumanResources,vEmployee,EmailAddress,YES,nvarchar
511,HumanResources,vEmployee,EmailPromotion,NO,int
512,HumanResources,vEmployee,AddressLine1,NO,nvarchar
513,HumanResources,vEmployee,AddressLine2,YES,nvarchar
514,HumanResources,vEmployee,City,NO,nvarchar
515,HumanResources,vEmployee,StateProvinceName,NO,nvarchar
516,HumanResources,vEmployee,PostalCode,NO,nvarchar
517,HumanResources,vEmployee,CountryRegionName,NO,nvarchar
518,HumanResources,vEmployee,AdditionalContactInfo,YES,xml
519,Sales,SalesTerritory,TerritoryID,NO,int
520,Sales,SalesTerritory,Name,NO,nvarchar
521,Sales,SalesTerritory,CountryRegionCode,NO,nvarchar
522,Sales,SalesTerritory,Group,NO,nvarchar
523,Sales,SalesTerritory,SalesYTD,NO,money
524,Sales,SalesTerritory,SalesLastYear,NO,money
525,Sales,SalesTerritory,CostYTD,NO,money
526,Sales,SalesTerritory,CostLastYear,NO,money
527,Sales,SalesTerritory,rowguid,NO,uniqueidentifier
528,Sales,SalesTerritory,ModifiedDate,NO,datetime
529,HumanResources,vEmployeeDepartment,BusinessEntityID,NO,int
530,HumanResources,vEmployeeDepartment,Title,YES,nvarchar
531,HumanResources,vEmployeeDepartment,FirstName,NO,nvarchar
532,HumanResources,vEmployeeDepartment,MiddleName,YES,nvarchar
533,HumanResources,vEmployeeDepartment,LastName,NO,nvarchar
534,HumanResources,vEmployeeDepartment,Suffix,YES,nvarchar
535,HumanResources,vEmployeeDepartment,JobTitle,NO,nvarchar
536,HumanResources,vEmployeeDepartment,Department,NO,nvarchar
537,HumanResources,vEmployeeDepartment,GroupName,NO,nvarchar
538,HumanResources,vEmployeeDepartment,StartDate,NO,date
539,Person,PhoneNumberType,PhoneNumberTypeID,NO,int
540,Person,PhoneNumberType,Name,NO,nvarchar
541,Person,PhoneNumberType,ModifiedDate,NO,datetime
542,HumanResources,vEmployeeDepartmentHistory,BusinessEntityID,NO,int
543,HumanResources,vEmployeeDepartmentHistory,Title,YES,nvarchar
544,HumanResources,vEmployeeDepartmentHistory,FirstName,NO,nvarchar
545,HumanResources,vEmployeeDepartmentHistory,MiddleName,YES,nvarchar
546,HumanResources,vEmployeeDepartmentHistory,LastName,NO,nvarchar
547,HumanResources,vEmployeeDepartmentHistory,Suffix,YES,nvarchar
548,HumanResources,vEmployeeDepartmentHistory,Shift,NO,nvarchar
549,HumanResources,vEmployeeDepartmentHistory,Department,NO,nvarchar
550,HumanResources,vEmployeeDepartmentHistory,GroupName,NO,nvarchar
551,HumanResources,vEmployeeDepartmentHistory,StartDate,NO,date
552,HumanResources,vEmployeeDepartmentHistory,EndDate,YES,date
553,Sales,vIndividualCustomer,BusinessEntityID,NO,int
554,Sales,vIndividualCustomer,Title,YES,nvarchar
555,Sales,vIndividualCustomer,FirstName,NO,nvarchar
556,Sales,vIndividualCustomer,MiddleName,YES,nvarchar
557,Sales,vIndividualCustomer,LastName,NO,nvarchar
558,Sales,vIndividualCustomer,Suffix,YES,nvarchar
559,Sales,vIndividualCustomer,PhoneNumber,YES,nvarchar
560,Sales,vIndividualCustomer,PhoneNumberType,YES,nvarchar
561,Sales,vIndividualCustomer,EmailAddress,YES,nvarchar
562,Sales,vIndividualCustomer,EmailPromotion,NO,int
563,Sales,vIndividualCustomer,AddressType,NO,nvarchar
564,Sales,vIndividualCustomer,AddressLine1,NO,nvarchar
565,Sales,vIndividualCustomer,AddressLine2,YES,nvarchar
566,Sales,vIndividualCustomer,City,NO,nvarchar
567,Sales,vIndividualCustomer,StateProvinceName,NO,nvarchar
568,Sales,vIndividualCustomer,PostalCode,NO,nvarchar
569,Sales,vIndividualCustomer,CountryRegionName,NO,nvarchar
570,Sales,vIndividualCustomer,Demographics,YES,xml
571,Production,Product,ProductID,NO,int
572,Production,Product,Name,NO,nvarchar
573,Production,Product,ProductNumber,NO,nvarchar
574,Production,Product,MakeFlag,NO,bit
575,Production,Product,FinishedGoodsFlag,NO,bit
576,Production,Product,Color,YES,nvarchar
577,Production,Product,SafetyStockLevel,NO,smallint
578,Production,Product,ReorderPoint,NO,smallint
579,Production,Product,StandardCost,NO,money
580,Production,Product,ListPrice,NO,money
581,Production,Product,Size,YES,nvarchar
582,Production,Product,SizeUnitMeasureCode,YES,nchar
583,Production,Product,WeightUnitMeasureCode,YES,nchar
584,Production,Product,Weight,YES,decimal
585,Production,Product,DaysToManufacture,NO,int
586,Production,Product,ProductLine,YES,nchar
587,Production,Product,Class,YES,nchar
588,Production,Product,Style,YES,nchar
589,Production,Product,ProductSubcategoryID,YES,int
590,Production,Product,ProductModelID,YES,int
591,Production,Product,SellStartDate,NO,datetime
592,Production,Product,SellEndDate,YES,datetime
593,Production,Product,DiscontinuedDate,YES,datetime
594,Production,Product,rowguid,NO,uniqueidentifier
595,Production,Product,ModifiedDate,NO,datetime
596,Sales,vPersonDemographics,BusinessEntityID,NO,int
597,Sales,vPersonDemographics,TotalPurchaseYTD,YES,money
598,Sales,vPersonDemographics,DateFirstPurchase,YES,datetime
599,Sales,vPersonDemographics,BirthDate,YES,datetime
600,Sales,vPersonDemographics,MaritalStatus,YES,nvarchar
601,Sales,vPersonDemographics,YearlyIncome,YES,nvarchar
602,Sales,vPersonDemographics,Gender,YES,nvarchar
603,Sales,vPersonDemographics,TotalChildren,YES,int
604,Sales,vPersonDemographics,NumberChildrenAtHome,YES,int
605,Sales,vPersonDemographics,Education,YES,nvarchar
606,Sales,vPersonDemographics,Occupation,YES,nvarchar
607,Sales,vPersonDemographics,HomeOwnerFlag,YES,bit
608,Sales,vPersonDemographics,NumberCarsOwned,YES,int
609,HumanResources,vJobCandidate,JobCandidateID,NO,int
610,HumanResources,vJobCandidate,BusinessEntityID,YES,int
611,HumanResources,vJobCandidate,Name.Prefix,YES,nvarchar
612,HumanResources,vJobCandidate,Name.First,YES,nvarchar
613,HumanResources,vJobCandidate,Name.Middle,YES,nvarchar
614,HumanResources,vJobCandidate,Name.Last,YES,nvarchar
615,HumanResources,vJobCandidate,Name.Suffix,YES,nvarchar
616,HumanResources,vJobCandidate,Skills,YES,nvarchar
617,HumanResources,vJobCandidate,Addr.Type,YES,nvarchar
618,HumanResources,vJobCandidate,Addr.Loc.CountryRegion,YES,nvarchar
619,HumanResources,vJobCandidate,Addr.Loc.State,YES,nvarchar
620,HumanResources,vJobCandidate,Addr.Loc.City,YES,nvarchar
621,HumanResources,vJobCandidate,Addr.PostalCode,YES,nvarchar
622,HumanResources,vJobCandidate,EMail,YES,nvarchar
623,HumanResources,vJobCandidate,WebSite,YES,nvarchar
624,HumanResources,vJobCandidate,ModifiedDate,NO,datetime
625,HumanResources,vJobCandidateEmployment,JobCandidateID,NO,int
626,HumanResources,vJobCandidateEmployment,Emp.StartDate,YES,datetime
627,HumanResources,vJobCandidateEmployment,Emp.EndDate,YES,datetime
628,HumanResources,vJobCandidateEmployment,Emp.OrgName,YES,nvarchar
629,HumanResources,vJobCandidateEmployment,Emp.JobTitle,YES,nvarchar
630,HumanResources,vJobCandidateEmployment,Emp.Responsibility,YES,nvarchar
631,HumanResources,vJobCandidateEmployment,Emp.FunctionCategory,YES,nvarchar
632,HumanResources,vJobCandidateEmployment,Emp.IndustryCategory,YES,nvarchar
633,HumanResources,vJobCandidateEmployment,Emp.Loc.CountryRegion,YES,nvarchar
634,HumanResources,vJobCandidateEmployment,Emp.Loc.State,YES,nvarchar
635,HumanResources,vJobCandidateEmployment,Emp.Loc.City,YES,nvarchar
636,HumanResources,vJobCandidateEducation,JobCandidateID,NO,int
637,HumanResources,vJobCandidateEducation,Edu.Level,YES,nvarchar
638,HumanResources,vJobCandidateEducation,Edu.StartDate,YES,datetime
639,HumanResources,vJobCandidateEducation,Edu.EndDate,YES,datetime
640,HumanResources,vJobCandidateEducation,Edu.Degree,YES,nvarchar
641,HumanResources,vJobCandidateEducation,Edu.Major,YES,nvarchar
642,HumanResources,vJobCandidateEducation,Edu.Minor,YES,nvarchar
643,HumanResources,vJobCandidateEducation,Edu.GPA,YES,nvarchar
644,HumanResources,vJobCandidateEducation,Edu.GPAScale,YES,nvarchar
645,HumanResources,vJobCandidateEducation,Edu.School,YES,nvarchar
646,HumanResources,vJobCandidateEducation,Edu.Loc.CountryRegion,YES,nvarchar
647,HumanResources,vJobCandidateEducation,Edu.Loc.State,YES,nvarchar
648,HumanResources,vJobCandidateEducation,Edu.Loc.City,YES,nvarchar
649,Production,vProductAndDescription,ProductID,NO,int
650,Production,vProductAndDescription,Name,NO,nvarchar
651,Production,vProductAndDescription,ProductModel,NO,nvarchar
652,Production,vProductAndDescription,CultureID,NO,nchar
653,Production,vProductAndDescription,Description,NO,nvarchar
654,Production,vProductModelCatalogDescription,ProductModelID,NO,int
655,Production,vProductModelCatalogDescription,Name,NO,nvarchar
656,Production,vProductModelCatalogDescription,Summary,YES,nvarchar
657,Production,vProductModelCatalogDescription,Manufacturer,YES,nvarchar
658,Production,vProductModelCatalogDescription,Copyright,YES,nvarchar
659,Production,vProductModelCatalogDescription,ProductURL,YES,nvarchar
660,Production,vProductModelCatalogDescription,WarrantyPeriod,YES,nvarchar
661,Production,vProductModelCatalogDescription,WarrantyDescription,YES,nvarchar
662,Production,vProductModelCatalogDescription,NoOfYears,YES,nvarchar
663,Production,vProductModelCatalogDescription,MaintenanceDescription,YES,nvarchar
664,Production,vProductModelCatalogDescription,Wheel,YES,nvarchar
665,Production,vProductModelCatalogDescription,Saddle,YES,nvarchar
666,Production,vProductModelCatalogDescription,Pedal,YES,nvarchar
667,Production,vProductModelCatalogDescription,BikeFrame,YES,nvarchar
668,Production,vProductModelCatalogDescription,Crankset,YES,nvarchar
669,Production,vProductModelCatalogDescription,PictureAngle,YES,nvarchar
670,Production,vProductModelCatalogDescription,PictureSize,YES,nvarchar
671,Production,vProductModelCatalogDescription,ProductPhotoID,YES,nvarchar
672,Production,vProductModelCatalogDescription,Material,YES,nvarchar
673,Production,vProductModelCatalogDescription,Color,YES,nvarchar
674,Production,vProductModelCatalogDescription,ProductLine,YES,nvarchar
675,Production,vProductModelCatalogDescription,Style,YES,nvarchar
676,Production,vProductModelCatalogDescription,RiderExperience,YES,nvarchar
677,Production,vProductModelCatalogDescription,rowguid,NO,uniqueidentifier
678,Production,vProductModelCatalogDescription,ModifiedDate,NO,datetime
679,Production,vProductModelInstructions,ProductModelID,NO,int
680,Production,vProductModelInstructions,Name,NO,nvarchar
681,Production,vProductModelInstructions,Instructions,YES,nvarchar
682,Production,vProductModelInstructions,LocationID,YES,int
683,Production,vProductModelInstructions,SetupHours,YES,decimal
684,Production,vProductModelInstructions,MachineHours,YES,decimal
685,Production,vProductModelInstructions,LaborHours,YES,decimal
686,Production,vProductModelInstructions,LotSize,YES,int
687,Production,vProductModelInstructions,Step,YES,nvarchar
688,Production,vProductModelInstructions,rowguid,NO,uniqueidentifier
689,Production,vProductModelInstructions,ModifiedDate,NO,datetime
690,Sales,vSalesPerson,BusinessEntityID,NO,int
691,Sales,vSalesPerson,Title,YES,nvarchar
692,Sales,vSalesPerson,FirstName,NO,nvarchar
693,Sales,vSalesPerson,MiddleName,YES,nvarchar
694,Sales,vSalesPerson,LastName,NO,nvarchar
695,Sales,vSalesPerson,Suffix,YES,nvarchar
696,Sales,vSalesPerson,JobTitle,NO,nvarchar
697,Sales,vSalesPerson,PhoneNumber,YES,nvarchar
698,Sales,vSalesPerson,PhoneNumberType,YES,nvarchar
699,Sales,vSalesPerson,EmailAddress,YES,nvarchar
700,Sales,vSalesPerson,EmailPromotion,NO,int
701,Sales,vSalesPerson,AddressLine1,NO,nvarchar
702,Sales,vSalesPerson,AddressLine2,YES,nvarchar
703,Sales,vSalesPerson,City,NO,nvarchar
704,Sales,vSalesPerson,StateProvinceName,NO,nvarchar
705,Sales,vSalesPerson,PostalCode,NO,nvarchar
706,Sales,vSalesPerson,CountryRegionName,NO,nvarchar
707,Sales,vSalesPerson,TerritoryName,YES,nvarchar
708,Sales,vSalesPerson,TerritoryGroup,YES,nvarchar
709,Sales,vSalesPerson,SalesQuota,YES,money
710,Sales,vSalesPerson,SalesYTD,NO,money
711,Sales,vSalesPerson,SalesLastYear,NO,money
712,Sales,SalesTerritoryHistory,BusinessEntityID,NO,int
713,Sales,SalesTerritoryHistory,TerritoryID,NO,int
714,Sales,SalesTerritoryHistory,StartDate,NO,datetime
715,Sales,SalesTerritoryHistory,EndDate,YES,datetime
716,Sales,SalesTerritoryHistory,rowguid,NO,uniqueidentifier
717,Sales,SalesTerritoryHistory,ModifiedDate,NO,datetime
718,Sales,vSalesPersonSalesByFiscalYears,SalesPersonID,YES,int
719,Sales,vSalesPersonSalesByFiscalYears,FullName,YES,nvarchar
720,Sales,vSalesPersonSalesByFiscalYears,JobTitle,NO,nvarchar
721,Sales,vSalesPersonSalesByFiscalYears,SalesTerritory,NO,nvarchar
722,Sales,vSalesPersonSalesByFiscalYears,2002,YES,money
723,Sales,vSalesPersonSalesByFiscalYears,2003,YES,money
724,Sales,vSalesPersonSalesByFiscalYears,2004,YES,money
725,Person,vStateProvinceCountryRegion,StateProvinceID,NO,int
726,Person,vStateProvinceCountryRegion,StateProvinceCode,NO,nchar
727,Person,vStateProvinceCountryRegion,IsOnlyStateProvinceFlag,NO,bit
728,Person,vStateProvinceCountryRegion,StateProvinceName,NO,nvarchar
729,Person,vStateProvinceCountryRegion,TerritoryID,NO,int
730,Person,vStateProvinceCountryRegion,CountryRegionCode,NO,nvarchar
731,Person,vStateProvinceCountryRegion,CountryRegionName,NO,nvarchar
732,Sales,vStoreWithDemographics,BusinessEntityID,NO,int
733,Sales,vStoreWithDemographics,Name,NO,nvarchar
734,Sales,vStoreWithDemographics,AnnualSales,YES,money
735,Sales,vStoreWithDemographics,AnnualRevenue,YES,money
736,Sales,vStoreWithDemographics,BankName,YES,nvarchar
737,Sales,vStoreWithDemographics,BusinessType,YES,nvarchar
738,Sales,vStoreWithDemographics,YearOpened,YES,int
739,Sales,vStoreWithDemographics,Specialty,YES,nvarchar
740,Sales,vStoreWithDemographics,SquareFeet,YES,int
741,Sales,vStoreWithDemographics,Brands,YES,nvarchar
742,Sales,vStoreWithDemographics,Internet,YES,nvarchar
743,Sales,vStoreWithDemographics,NumberEmployees,YES,int
